{
  "Portal": {
    "Id": "15c82be9-14b1-4e6f-8851-e44633724e93"
  },
   "WebReferences": [
      {
         "Id": "15c82be9-14b1-4e6f-8851-e44633724e93",
         "PortalId": "14b0cd01-a5ed-4ee0-a9a4-61575fce9cd0",
         "Name": "prettify startup",
         "Url": null,
         "Text": "$prettyPrint();",
         "Sequence": null,
         "Type": 1,
         "LoadType": 1,
         "Group": "prettify",
         "DependencyGroups": []
      },
      {
         "Id": "bedcc801-22a5-4656-b1a8-febcb48b6db7",
         "PortalId": "14b0cd01-a5ed-4ee0-a9a4-61575fce9cd0",
         "Name": "prettify",
         "Url": "~/scripts/prettify-March.4.2013/prettify.min.js",
         "Text": null,
         "Sequence": null,
         "Type": 0,
         "LoadType": 0,
         "Group": "prettify",
         "DependencyGroups": []
      },
      {
         "Id": "09656022-54f3-4d9d-98fb-f4fc5a61cfa8",
         "PortalId": "14b0cd01-a5ed-4ee0-a9a4-61575fce9cd0",
         "Name": "prettify css",
         "Url": "~/scripts/prettify-March.4.2013/prettify.css",
         "Text": null,
         "Sequence": null,
         "Type": 2,
         "LoadType": 0,
         "Group": "prettify",
         "DependencyGroups": []
      }
   ]
}