{
  "Portal": {
    "Id": "PortalId"
  },
 "WebReferences": [
    {
        "Id": "Id1",
        "PortalId": "PortalId",
        "Name": "cltexteditor",
        "Url": "~/scripts/cleditor-1.3.0/jquery.cleditor.min.js",
        "Text": null,
        "Sequence": 0,
        "Type": 0,
        "LoadType": 0,
        "Group": "cltexteditor",
        "DependencyGroups": [
        "jQuery"
        ]
    },
    {
        "Id": "Id2",
        "PortalId": "PortalId",
        "Name": "cltexteditor jquery",
        "Url": "~/scripts/cleditor-1.3.0/jquery.cleditor.css",
        "Text": null,
        "Sequence": 1,
        "Type": 2,
        "LoadType": 0,
        "Group": "cltexteditor",
        "DependencyGroups": [
        "jQuery"
        ]
    },
    {
        "Id": "Id3",
        "PortalId": "PortalId",
        "Name": "cltexteditor startup",
        "Url": null,
        "Text": "videre.UI.registerControlType('cltexteditor', { 
			get: function (ctl) 
			{ 
				return ctl.val(); 
			}, 
			set: function (ctl, val) 
			{ 
				ctl.val(val);
				ctl.cleditor()[0].updateFrame();
			}, 
			init: function (ctr) 
			{ 
				ctr.find('[data-controltype=\"cltexteditor\"]').cleditor();
			} 
			});",
        "Sequence": null,
        "Type": 1,
        "LoadType": 1,
        "Group": "cltexteditor",
        "DependencyGroups": ['jQuery']
    }
   ]
}