{
  "Portal": {
    "Id": "15c82be9-14b1-4e6f-8851-e44633724e93"
  },
"WebReferences": [
      {
         "Id": "eb0b24ce-b402-4750-85ed-2c545d318266",
         "PortalId": "15c82be9-14b1-4e6f-8851-e44633724e93",
         "Name": "dynatree css",
         "Url": "~/scripts/dynatree-1.1.1/skin/ui.dynatree.css",
         "Text": null,
         "Sequence": null,
         "Type": 2,
         "LoadType": 0,
         "Group": "dynatree",
         "DependencyGroups": []
      },
      {
         "Id": "112c8e18-9ca9-4c48-abe5-48422ef2f3f7",
         "PortalId": "15c82be9-14b1-4e6f-8851-e44633724e93",
         "Name": "dynatree",
         "Url": "~/scripts/dynatree-1.1.1/jquery.dynatree.min.js",
         "Text": null,
         "Sequence": null,
         "Type": 0,
         "LoadType": 0,
         "Group": "dynatree",
         "DependencyGroups": [
            "jQuery",
            "jQuery UI"
         ]
      }
   ]
}