{
    "Portal": {
        "Id": "PortalId"
    },
    "WebReferences": [
        {
            "Id": "Id1",
            "PortalId": "PortalId",
            "Name": "datatables bootstrap",
            "Url": "~/scripts/DataTables-1.10.10/extensions/videre/jquery.dataTables.videre.js",
            "Text": null,
            "Sequence": 1,
            "Type": 0,
            "LoadType": 0,
            "Group": "datatables",
            "DependencyGroups": [ 'videre' ]
        },
        {
            "Id": "Id2",
            "PortalId": "PortalId",
            "Name": "datatables css",
            "Url": "~/scripts/DataTables-1.10.10/extensions/videre/jquery.dataTables.bootstrap.css",
            "Text": null,
            "Sequence": null,
            "Type": 2,
            "LoadType": 0,
            "ExcludeFromBundle": true,
            "Group": "datatables",
            "DependencyGroups": [ ]
        },
        {
            "Id": "Id3",
            "PortalId": "PortalId",
            "Name": "datatables",
            "Url": "~/scripts/DataTables-1.10.10/media/js/jquery.dataTables.js",
            "Text": null,
            "Sequence": 0,
            "Type": 0,
            "LoadType": 0,
            "ExcludeFromBundle": true,
            "Group": "datatables",
            "DependencyGroups": [
                "jQuery"
            ]
        },
        {
            "Id": "Id4",
            "PortalId": "PortalId",
            "Name": "datatables tabletools",
            "Url": "~/scripts/DataTables-1.10.10/extensions/buttons/js/dataTables.buttons.min.js",
            "Text": null,
            "Sequence": 1,
            "Type": 0,
            "LoadType": 0,
            "Group": "datatables buttons",
            "DependencyGroups": [ "datatables" ]
        },
        {
            "Id": "Id5",
            "PortalId": "PortalId",
            "Name": "datatables responsive",
            "Url": "~/scripts/DataTables-1.10.10/extensions/responsive/js/dataTables.responsive.js",
            "Text": null,
            "Sequence": 2,
            "Type": 0,
            "LoadType": 0,
            "Group": "datatables responsive",
            "DependencyGroups": [
                "datatables"
            ]
        },
        {
            "Id": "Id6",
            "PortalId": "PortalId",
            "Name": "datatables responsive css",
            "Url": "~/scripts/DataTables-1.10.10/extensions/responsive/css/dataTables.responsive.css",
            "Text": null,
            "Sequence": null,
            "Type": 2,
            "LoadType": 0,
            "Group": "datatables responsive",
            "DependencyGroups": [
                "datatables"
            ]
        },
        {
            "Id": "Id7",
            "PortalId": "PortalId",
            "Name": "datatables colreorder",
            "Url": "~/scripts/DataTables-1.10.10/extensions/colreorder/js/dataTables.colReorder.js",
            "Text": null,
            "Sequence": 2,
            "Type": 0,
            "LoadType": 0,
            "Group": "datatables colreorder",
            "DependencyGroups": [
                "datatables"
            ]
        },
        {
            "Id": "Id8",
            "PortalId": "PortalId",
            "Name": "datatables colreorder css",
            "Url": "~/scripts/DataTables-1.10.10/extensions/colreorder/css/colReorder.dataTables.css",
            "Text": null,
            "Sequence": null,
            "Type": 2,
            "LoadType": 0,
            "Group": "datatables colreorder",
            "DependencyGroups": [
                "datatables"
            ]
        },
        {
            "Id": "Id9",
            "PortalId": "PortalId",
            "Name": "datatables fixedheader",
            "Url": "~/scripts/DataTables-1.10.10/extensions/fixedheader/js/dataTables.fixedHeader.js",
            "Text": null,
            "Sequence": 2,
            "Type": 0,
            "LoadType": 0,
            "Group": "datatables fixedheader",
            "DependencyGroups": [
                "datatables"
            ]
        },
        {
            "Id": "Id10",
            "PortalId": "PortalId",
            "Name": "datatables scroller",
            "Url": "~/scripts/DataTables-1.10.10/extensions/fixedheader/js/dataTables.scroller.js",
            "Text": null,
            "Sequence": 2,
            "Type": 0,
            "LoadType": 0,
            "Group": "datatables scroller",
            "DependencyGroups": [
                "datatables"
            ]
        },
        {
            "Id": "Id11",
            "PortalId": "PortalId",
            "Name": "datatables pdfmake",
            "Url": "~/scripts/DataTables-1.10.10/extensions/pdfmake/build/pdfmake.js",
            "Text": null,
            "Sequence": 2,
            "Type": 0,
            "LoadType": 0,
            "Group": "datatables buttons",
            "DependencyGroups": [
                "datatables"
            ]
        },
        {
            "Id": "Id12",
            "PortalId": "PortalId",
            "Name": "datatables vfs_fonts",
            "Url": "~/scripts/DataTables-1.10.10/extensions/pdfmake/build/vfs_fonts.js",
            "Text": null,
            "Sequence": 2,
            "Type": 0,
            "LoadType": 0,
            "Group": "datatables buttons",
            "DependencyGroups": [
                "datatables"
            ]
        },
        {
            "Id": "Id13",
            "PortalId": "PortalId",
            "Name": "datatables jszip",
            "Url": "~/scripts/DataTables-1.10.10/extensions/jszip/jszip.js",
            "Text": null,
            "Sequence": 2,
            "Type": 0,
            "LoadType": 0,
            "Group": "datatables buttons",
            "DependencyGroups": [
                "datatables"
            ]
        },
        {
            "Id": "Id14",
            "PortalId": "PortalId",
            "Name": "datatables button css",
            "Url": "~/scripts/DataTables-1.10.10/extensions/buttons/css/buttons.dataTables.css",
            "Text": null,
            "Sequence": null,
            "Type": 2,
            "LoadType": 0,
            "Group": "datatables buttons",
            "DependencyGroups": [
                "datatables"
            ]
        },
        {
            "Id": "Id15",
            "PortalId": "PortalId",
            "Name": "datatables button html5",
            "Url": "~/scripts/DataTables-1.10.10/extensions/buttons/js/buttons.html5.min.js",
            "Text": null,
            "Sequence": 2,
            "Type": 0,
            "LoadType": 0,
            "Group": "datatables buttons",
            "DependencyGroups": [
                "datatables"
            ]
        },
        {
            "Id": "Id16",
            "PortalId": "PortalId",
            "Name": "datatables button print",
            "Url": "~/scripts/DataTables-1.10.10/extensions/buttons/js/buttons.print.min.js",
            "Text": null,
            "Sequence": 2,
            "Type": 0,
            "LoadType": 0,
            "Group": "datatables buttons",
            "DependencyGroups": [
                "datatables"
            ]
        },
        {
            "Id": "Id17",
            "PortalId": "PortalId",
            "Name": "datatables button flash",
            "Url": "~/scripts/DataTables-1.10.10/extensions/buttons/js/buttons.flash.min.js",
            "Text": null,
            "Sequence": 2,
            "Type": 0,
            "LoadType": 0,
            "Group": "datatables buttons",
            "DependencyGroups": [
                "datatables"
            ]
        },
        {
            "Id": "Id18",
            "PortalId": "PortalId",
            "Name": "datatables bootstrap min",
            "Url": "~/scripts/DataTables-1.10.10/media/js/dataTables.bootstrap.min.js",
            "Text": null,
            "Sequence": 2,
            "Type": 0,
            "LoadType": 0,
            "Group": "datatables",
            "DependencyGroups": []
        },
        {
            "Id": "Id19",
            "PortalId": "PortalId",
            "Name": "datatables button bootstrap",
            "Url": "~/scripts/DataTables-1.10.10/extensions/buttons/js/buttons.bootstrap.min.js",
            "Text": null,
            "Sequence": 2,
            "Type": 0,
            "LoadType": 0,
            "Group": "datatables buttons",
            "DependencyGroups": [
                "datatables"
            ]
        },
        {
            "Id": "Id20",
            "PortalId": "PortalId",
            "Name": "datatables button bootstrap css",
            "Url": "~/scripts/DataTables-1.10.10/extensions/buttons/css/buttons.bootstrap.min.css",
            "Text": null,
            "Sequence": null,
            "Type": 2,
            "LoadType": 0,
            "Group": "datatables buttons",
            "DependencyGroups": [
                "datatables"
            ]
        }

    ]
}