{
  "Portal": {
    "Id": "PortalId"
  },
   "WebReferences": [
      {
         "Id": "Id1",
         "PortalId": "PortalId",
         "Name": "dropzonejs",
         "Url": "~/scripts/dropzone-3.10.2/dropzone.min.js",
         "Text": null,
         "Sequence": null,
         "Type": 0,
         "LoadType": 0,
         "Group": "dropzonejs",
         "DependencyGroups": [
         ]
      },
      {
         "Id": "Id2",
         "PortalId": "PortalId",
         "Name": "dropzonejs css",
         "Url": "~/scripts/dropzone-3.10.2/css/basic.css",
         "Text": null,
         "Sequence": null,
         "Type": 2,
         "LoadType": 0,
         "Group": "dropzonejs",
         "DependencyGroups": []
      }

   ]
}