{
  "Portal": {
    "Id": "PortalId"
  },
 "WebReferences": [
    {
        "Id": "Id1",
        "PortalId": "PortalId",
        "Name": "jqueryui-timepicker",
        "Url": "~/scripts/jquery-ui-timepicker-1.4.1/jquery-ui-timepicker-addon.min.js",
        "Text": null,
        "Sequence": null,
        "Type": 0,
        "LoadType": 0,
        "Group": "jqueryui-timepicker",
        "DependencyGroups": [
        "jQuery",
        "jQuery UI"
        ]
    },
    {
        "Id": "Id2",
        "PortalId": "PortalId",
        "Name": "jqueryui-timepicker css",
        "Url": "~/scripts/jquery-ui-timepicker-1.4.1/jquery-ui-timepicker-addon.min.css",
        "Text": null,
        "Sequence": null,
        "Type": 2,
        "LoadType": 0,
        "Group": "jqueryui-timepicker",
        "DependencyGroups": [
        "jQuery",
        "jQuery UI"
        ]
    },
    {
        "Id": "Id3",
        "PortalId": "PortalId",
        "Name": "jqueryui-datetimepicker startup",
        "Url": null,
        "Text": "videre.UI.registerControlType('jqueryui-timepicker-datetime', { 
			get: function (ctl) 
			{ 
				if (ctl.data('pick-date') != null && ctl.data('pick-time') != null)
					return ctl.datetimepicker('getDate'); 
				else if (ctl.data('pick-time') != null)
					return ctl.datetimepicker('getDate').getTime();
			}, 
			set: function (ctl, val) 
			{ 
				if (String.isNullOrEmpty(val))
					ctl.val('');
				else 
				{
					if (ctl.data('pick-date') != null && ctl.data('pick-time') != null)
						ctl.datetimepicker('setDate', videre.parseDate(val)); 
					else if (ctl.data('pick-time') != null)
						ctl.datetimepicker('setDate', videre.parseDate(val, 'shortTime')); 
				}
			}, 
			init: function (ctr) 
			{ 
				if (ctl.data('pick-date') != null && ctl.data('pick-time') != null)
					ctr.find('[data-controltype=\"jqueryui-timepicker-datetime\"]').datetimepicker(); 
				else if (ctl.data('pick-time') != null)
					ctr.find('[data-controltype=\"jqueryui-timepicker-datetime\"]').timepicker(); 
			} });",
        "Sequence": null,
        "Type": 1,
        "LoadType": 1,
        "Group": "jqueryui-timepicker",
        "DependencyGroups": []
    }
   ]
}