{
  "Portal": {
    "Id": "PortalId"
  },
 "WebReferences": [
    {
        "Id": "Id1",
        "PortalId": "PortalId",
        "Name": "timepicker",
        "Url": "~/scripts/jquery-ui-timepicker-1.4.1/jquery-ui-timepicker-addon.min.js",
        "Text": null,
        "Sequence": null,
        "Type": 0,
        "LoadType": 0,
        "Group": "timepicker",
        "DependencyGroups": [
        "jQuery",
        "jQuery UI"
        ]
    },
    {
        "Id": "Id2",
        "PortalId": "PortalId",
        "Name": "timepicker css",
        "Url": "~/scripts/jquery-ui-timepicker-1.4.1/jquery-ui-timepicker-addon.min.css",
        "Text": null,
        "Sequence": null,
        "Type": 2,
        "LoadType": 0,
        "Group": "timepicker",
        "DependencyGroups": [
        "jQuery",
        "jQuery UI"
        ]
    },
    {
        "Id": "Id3",
        "PortalId": "PortalId",
        "Name": "jqueryui-datetimepicker startup",
        "Url": null,
        "Text": "videre.UI.registerControlType('jqueryui-datetimepicker', { get: function (ctl) { return ctl.datetimepicker('getDate'); }, 
			set: function (ctl, val) 
			{ 
				if (String.isNullOrEmpty(val))
					ctl.val('');
				else 
					ctl.datetimepicker('setDate', videre.parseDate(val)); 
			}, 
			init: function (ctr) { ctr.find('[data-controltype=\"jqueryui-datetimepicker\"]').datetimepicker(); } });",
        "Sequence": null,
        "Type": 1,
        "LoadType": 1,
        "Group": "jqueryui-datetimepicker",
        "DependencyGroups": ['timepicker']
    },
    {
        "Id": "Id4",
        "PortalId": "PortalId",
        "Name": "jqueryui-timepicker startup",
        "Url": null,
        "Text": "videre.UI.registerControlType('jqueryui-timepicker', { get: function (ctl) { return ctl.datetimepicker('getDate').getTime(); }, 
			set: function (ctl, val) 
			{ 
				if (String.isNullOrEmpty(val))
					ctl.val('');
				else 
					ctl.datetimepicker('setDate', videre.parseDate(val, 'shortTime')); 
			}, 
			init: function (ctr) { ctr.find('[data-controltype=\"jqueryui-timepicker\"]').timepicker(); } });",
        "Sequence": null,
        "Type": 1,
        "LoadType": 1,
        "Group": "jqueryui-timepicker",
        "DependencyGroups": ['timepicker']
    }

   ]
}