{
  "Portal": {
    "Id": "PortalId"
  },
   "WebReferences": [
      {
         "Id": "Id1",
         "PortalId": "PortalId",
         "Name": "bootstrap-select css",
         "Url": "~/scripts/bootstrap-select-1.6.4/css/bootstrap-select.min.css",
         "Text": null,
         "Sequence": null,
         "Type": 2,
         "LoadType": 0,
         "Group": "bootstrap-select",
         "DependencyGroups": []
      },
      {
         "Id": "Id2",
         "PortalId": "PortalId",
         "Name": "bootstrap-select js",
         "Url": "~/scripts/bootstrap-select-1.6.4/js/bootstrap-select.min.js",
         "Text": null,
         "Sequence": null,
         "Type": 0,
         "LoadType": 0,
         "Group": "bootstrap-select",
         "DependencyGroups": ['jQuery']
      },
      {
         "Id": "Id3",
         "PortalId": "PortalId",
         "Name": "bootstrap-select videre js",
         "Url": "~/scripts/bootstrap-select-1.6.4/js/bootstrap-select.videre.js",
         "Text": null,
         "Sequence": null,
         "Type": 0,
         "LoadType": 0,
         "Group": "bootstrap-select",
         "DependencyGroups": []
      }
   ]
}