{
   "Portal": {
    "Id": "PortalId"
   },
   "Custom": {
    "Portal Attribute Definition": [
      {
        "GroupName": "Core",
        "Name": "TextEditor",
        "Values": ["cktexteditor4"],
		"DefaultValue": "cktexteditor4",
		"LabelKey": "TextEditor.Text",
		"LabelText": "Text Editor"
      }
    ]
   },
   "WebReferences": [
    {
        "Id": "Id1",
        "PortalId": "PortalId",
        "Name": "cktexteditor4",
        "Url": "~/scripts/ckeditor-4.4.7/ckeditor.js",
        "Text": null,
        "Sequence": 0,
        "Type": 0,
        "LoadType": 0,
        "Group": "cktexteditor4",
        "DependencyGroups": [
        "jQuery"
        ]
    },
    {
        "Id": "Id2",
        "PortalId": "PortalId",
        "Name": "cktexteditor4 jquery",
        "Url": "~/scripts/ckeditor-4.4.7/adapters/jquery.js",
        "Text": null,
        "Sequence": 1,
        "Type": 0,
        "LoadType": 0,
        "Group": "cktexteditor4",
        "DependencyGroups": [
        "jQuery"
        ]
    },
    {
        "Id": "Id3",
        "PortalId": "PortalId",
        "Name": "ckeditor 4 bootstrap",
        "Url": "~/scripts/ckeditor-4.4.7/ckeditor.videre.js",
        "Text": null,
        "Sequence": 1,
        "Type": 0,
        "LoadType": 0,
        "Group": "cktexteditor4",
        "DependencyGroups": ['videre']
    }
   ]
}