{
  "Portal": {
    "Id": "PortalId"
  },
   "WebReferences": [
      {
         "Id": "Id1",
         "PortalId": "PortalId",
         "Name": "bootstrap-select startup",
         "Url": null,
         "Text": "videre.UI.registerControlType('bootstrap-select', { 
			get: function(ctl) { return ctl.val() != null ? ctl.val() : ''; }, 
			set: function(ctl, val) { 
				val = (val != null ? val : ''); 
				if (videre.typename(val) != 'array')
					val = val.toString();
				ctl.val(val); 
				ctl.selectpicker('refresh'); 
			}, 
			init: function(ctr) { ctr.find('[data-controltype=\"bootstrap-select\"]').selectpicker(); }});",
         "Sequence": null,
         "Type": 1,
         "LoadType": 1,
         "Group": "bootstrap-select",
         "DependencyGroups": []
      },
      {
         "Id": "Id2",
         "PortalId": "PortalId",
         "Name": "bootstrap-select css",
         "Url": "~/scripts/bootstrap-select-1.3.5/bootstrap-select.min.css",
         "Text": null,
         "Sequence": null,
         "Type": 2,
         "LoadType": 0,
         "Group": "bootstrap-select",
         "DependencyGroups": []
      },
      {
         "Id": "Id3",
         "PortalId": "PortalId",
         "Name": "bootstrap-select js",
         "Url": "~/scripts/bootstrap-select-1.3.5/bootstrap-select.min.js",
         "Text": null,
         "Sequence": null,
         "Type": 0,
         "LoadType": 0,
         "Group": "bootstrap-select",
         "DependencyGroups": ['jQuery']
      }
   ]
}