{
  "Portal": {
    "Id": "PortalId"
  },
  "WebReferences": [
    {
      "Id": "Id1",
      "PortalId": "PortalId",
      "Name": "jQuery UI",
      "Url": "~/scripts/jquery-ui-1.10.3/js/jquery-ui-1.10.3.custom.min.js",
      "Text": null,
      "Sequence": null,
      "Type": 0,
      "LoadType": 0,
      "Group": "jQuery UI",
      "DependencyGroups": ["jQuery"]
    },
    {
      "Id": "Id2",
      "PortalId": "PortalId",
      "Name": "jQuery UI css",
      "Url": "~/scripts/jquery-ui-1.10.3/css/smoothness/jquery-ui-1.10.3.custom.min.css",
      "Text": null,
      "Sequence": null,
      "Type": 2,
      "LoadType": 0,
	  "ExcludeFromBundle": true,
      "Group": "jQuery UI",
      "DependencyGroups": []
    },
    {
        "Id": "Id3",
        "PortalId": "PortalId",
        "Name": "jqueryui-datepicker startup",
        "Url": null,
        "Text": "videre.UI.registerControlType('jqueryui-datepicker', { get: function (ctl) { var val = ctl.datepicker('getDate'); if (val != null) val = val.format('isoDate'); return val; }, set: function (ctl, val) 
		{ 
			if (String.isNullOrEmpty(val))
				ctl.val('');
			else 			
				ctl.datepicker('setDate', videre.parseDate(val));
		}, init: function (ctr) { ctr.find('[data-controltype=\"jqueryui-datepicker\"]').datepicker(); } });",
        "Sequence": null,
        "Type": 1,
        "LoadType": 1,
        "Group": "jqueryui-datepicker",
        "DependencyGroups": ['jQuery UI']
    }

  ]
}