{
  "Portal": {
    "Id": "PortalId"
  },
   "WebReferences": [
      {
         "Id": "Id1",
         "PortalId": "PortalId",
         "Name": "bootstrap-multiselect startup",
         "Url": null,
         "Text": "$('[data-plugin=\"bootstrap-multiselect\"]').bsmultiselect({buttonContainer: '<div class=\"btn-group\" style=\"width: 100%;\" />', buttonWidth: '100%'});",
         "Sequence": null,
         "Type": 1,
         "LoadType": 1,
         "Group": "bootstrap-multiselect",
         "DependencyGroups": []
      },
      {
         "Id": "Id2",
         "PortalId": "PortalId",
         "Name": "bootstrap-multiselect css",
         "Url": "~/scripts/bootstrap-multiselect-0.9.2/bootstrap-multiselect.css",
         "Text": null,
         "Sequence": null,
         "Type": 2,
         "LoadType": 0,
         "Group": "bootstrap-multiselect",
         "DependencyGroups": []
      },
      {
         "Id": "Id3",
         "PortalId": "PortalId",
         "Name": "bootstrap-multiselect js",
         "Url": "~/scripts/bootstrap-multiselect-0.9.2/bootstrap-multiselect.js",
         "Text": null,
         "Sequence": null,
         "Type": 0,
         "LoadType": 0,
         "Group": "bootstrap-multiselect",
         "DependencyGroups": ['jQuery']
      }
   ]
}