{
  "Portal": {
    "Id": "15c82be9-14b1-4e6f-8851-e44633724e93"
  },
 "WebReferences": [
      {
         "Id": "2b888f76-d7bd-4500-95c5-2356bec7af73",
         "PortalId": "15c82be9-14b1-4e6f-8851-e44633724e93",
         "Name": "timepicker",
         "Url": "~/scripts/jquery-ui-timepicker-1.0.1/jquery-ui-timepicker-addon.js",
         "Text": null,
         "Sequence": null,
         "Type": 0,
         "LoadType": 0,
         "Group": "timepicker",
         "DependencyGroups": [
            "jQuery",
            "jQuery UI"
         ]
      },
      {
         "Id": "3a97b32d-a477-4de5-a01b-82c78db926ed",
         "PortalId": "15c82be9-14b1-4e6f-8851-e44633724e93",
         "Name": "timepicker css",
         "Url": "~/scripts/jquery-ui-timepicker-1.0.1/jquery-ui-timepicker-addon.css",
         "Text": null,
         "Sequence": null,
         "Type": 2,
         "LoadType": 0,
         "Group": "timepicker",
         "DependencyGroups": [
            "jQuery",
            "jQuery UI"
         ]
      }
   ]
}