{
  "Portal": {
    "Id": "15c82be9-14b1-4e6f-8851-e44633724e93"
  },
"WebReferences": [
      {
         "Id": "eb0b24ce-b402-4750-85ed-2c545d318266",
         "PortalId": "15c82be9-14b1-4e6f-8851-e44633724e93",
         "Name": "font-awesome css",
         "Url": "~/scripts/font-awesome-3.1.1/css/font-awesome.min.css",
         "Text": null,
         "Sequence": null,
         "Type": 2,
         "LoadType": 0,
         "Group": "font-awesome",
         "DependencyGroups": []
      }
   ]
}