{
  "Portal": {
    "Id": "PortalId"
  },
"WebReferences": [
      {
         "Id": "Id1",
         "PortalId": "PortalId",
         "Name": "dynatree css",
         "Url": "~/scripts/dynatree-1.1.1/skin/ui.dynatree.css",
         "Text": null,
         "Sequence": null,
         "Type": 2,
         "LoadType": 0,
    	 "ExcludeFromBundle": true,
         "Group": "dynatree",
         "DependencyGroups": []
      },
      {
         "Id": "Id2",
         "PortalId": "PortalId",
         "Name": "dynatree",
         "Url": "~/scripts/dynatree-1.1.1/jquery.dynatree.min.js",
         "Text": null,
         "Sequence": null,
         "Type": 0,
         "LoadType": 0,
         "Group": "dynatree",
         "DependencyGroups": [
            "jQuery",
            "jQuery UI"
         ]
      },
      {
         "Id": "Id2",
         "PortalId": "PortalId",
         "Name": "dynatree videre",
         "Url": "~/scripts/dynatree-1.1.1/jquery.dynatree.videre.js",
         "Text": null,
         "Sequence": null,
         "Type": 0,
         "LoadType": 0,
         "Group": "dynatree",
         "DependencyGroups": [
            "videre"
         ]
      }
   ]
}