{
  "Portal": {
    "Id": "PortalId"
  },
   "WebReferences": [
      {
         "Id": "Id1",
         "PortalId": "PortalId",
         "Name": "fileuploader",
         "Url": "~/scripts/valums-file-uploader-2.0/fileuploader.min.js",
         "Text": null,
         "Sequence": null,
         "Type": 0,
         "LoadType": 0,
         "Group": "fileuploader",
         "DependencyGroups": [
            "jQuery"
         ]
      },
      {
         "Id": "Id2",
         "PortalId": "PortalId",
         "Name": "fileuploader css",
         "Url": "~/scripts/valums-file-uploader-2.0/fileuploader.css",
         "Text": null,
         "Sequence": null,
         "Type": 2,
         "LoadType": 0,
         "Group": "fileuploader",
         "DependencyGroups": []
      }
   ]
}