{
  "Portal": {
    "Id": "15c82be9-14b1-4e6f-8851-e44633724e93"
  },
   "WebReferences": [
      {
         "Id": "e5face39-c7fe-44ff-90d2-359a618f4942",
         "PortalId": "15c82be9-14b1-4e6f-8851-e44633724e93",
         "Name": "fileuploader",
         "Url": "~/scripts/valums-file-uploader-2.0/fileuploader.min.js",
         "Text": null,
         "Sequence": null,
         "Type": 0,
         "LoadType": 0,
         "Group": "fileuploader",
         "DependencyGroups": [
            "jQuery"
         ]
      }
   ]
}