{
  "Portal": {
    "Id": "PortalId"
  },
 "WebReferences": [
    {
        "Id": "Id1",
        "PortalId": "PortalId",
        "Name": "cktexteditor",
        "Url": "~/scripts/ckeditor-3.6.4/ckeditor.js",
        "Text": null,
        "Sequence": 0,
        "Type": 0,
        "LoadType": 0,
        "Group": "cktexteditor",
        "DependencyGroups": [
        "jQuery"
        ]
    },
    {
        "Id": "Id2",
        "PortalId": "PortalId",
        "Name": "cktexteditor jquery",
        "Url": "~/scripts/ckeditor-3.6.4/adapters/jquery.js",
        "Text": null,
        "Sequence": 1,
        "Type": 0,
        "LoadType": 0,
        "Group": "cktexteditor",
        "DependencyGroups": [
        "jQuery"
        ]
    },
    {
        "Id": "Id3",
        "PortalId": "PortalId",
        "Name": "cktexteditor startup",
        "Url": null,
        "Text": "videre.UI.registerControlType('cktexteditor', { 
			get: function (ctl) 
			{ 
				return ctl.val(); 
			}, 
			set: function (ctl, val) 
			{ 
				ctl.val(val);
			}, 
			init: function (ctr) 
			{ 
				ctr.find('[data-controltype=\"cktexteditor\"]').ckeditor().on('blur', function(e) 
					{
						var ctl = $(e.target);
						alert(ctl.val());

						var editor = ctl.ckeditor.ckeditorGet();
						alert(editor.checkDirty());
						if (editor.checkDirty())
							editor.updateElement();
					});
			} 
			});",
        "Sequence": null,
        "Type": 1,
        "LoadType": 1,
        "Group": "cktexteditor",
        "DependencyGroups": ['jQuery']
    }
   ]
}