{
  "Portal": {
    "Id": "PortalId"
  },
 "WebReferences": [
    {
        "Id": "Id1",
        "PortalId": "PortalId",
        "Name": "cktexteditor",
        "Url": "~/scripts/ckeditor-3.6.4/ckeditor.js",
        "Text": null,
        "Sequence": 0,
        "Type": 0,
        "LoadType": 0,
        "Group": "cktexteditor",
        "DependencyGroups": [
        "jQuery"
        ]
    },
    {
        "Id": "Id2",
        "PortalId": "PortalId",
        "Name": "cktexteditor jquery",
        "Url": "~/scripts/ckeditor-3.6.4/adapters/jquery.js",
        "Text": null,
        "Sequence": 1,
        "Type": 0,
        "LoadType": 0,
        "Group": "cktexteditor",
        "DependencyGroups": [
        "jQuery"
        ]
    },
    {
        "Id": "Id3",
        "PortalId": "PortalId",
        "Name": "cktexteditor startup",
        "Url": null,
        "Text": "videre.UI.registerControlType('cktexteditor', { 
			get: function (ctl) 
			{ 
				return ctl.val(); 
			}, 
			set: function (ctl, val) 
			{ 
				ctl.val(val);
			}, 
			init: function (ctr) 
			{ 
				CKEDITOR.basePath = videre.resolveUrl('~/scripts/ckeditor-3.6.4/');
				CKEDITOR.plugins.basePath = videre.resolveUrl('~/scripts/ckeditor-3.6.4/plugins/');
				ctr.find('[data-controltype=\"cktexteditor\"]').ckeditor();
				for(var name in CKEDITOR.instances) 
				{
					CKEDITOR.instances[name].on('blur', function(e) 
					{
						if (e.editor.checkDirty())
						{
							e.editor.updateElement();
							$(e.editor.element.$).trigger('change');
						}
					});
				}
			}});",
        "Sequence": null,
        "Type": 1,
        "LoadType": 1,
        "Group": "cktexteditor",
        "DependencyGroups": ['jQuery']
    }
   ]
}