{
  "Portal": {
    "Id": "PortalId"
  },
   "WebReferences": [
      {
         "Id": "Id1",
         "PortalId": "PortalId",
         "Name": "videre-docs css",
         "Url": "~/scripts/videre-docs-1.0/videre-docs.css",
         "Text": null,
         "Sequence": null,
         "Type": 2,
         "LoadType": 0,
         "Group": "videre-docs",
         "DependencyGroups": []
      },
      {
         "Id": "Id1",
         "PortalId": "PortalId",
         "Name": "videre docs js",
         "Url": "~/scripts/videre-docs-1.0/videre-docs.js",
         "Text": null,
         "Sequence": null,
         "Type": 0,
         "LoadType": 0,
         "Group": "videre-docs",
         "DependencyGroups": []
      }
   ]
}