{
   "Portal": {
    "Id": "PortalId"
   },
   "Custom": {
    "Portal Attribute Definition": [
      {
        "GroupName": "Core",
        "Name": "TextEditor",
        "Values": ["ace"],
		"LabelKey": "TextEditor.Text",
		"LabelText": "Text Editor"
      }
    ]
   },
   "WebReferences": [
    {
        "Id": "Id1",
        "PortalId": "PortalId",
        "Name": "ace",
        "Url": "~/scripts/ace-20.12.14/src-min-noconflict/ace.js",
        "Text": null,
        "Sequence": 0,
        "Type": 0,
        "LoadType": 0,
        "Group": "ace",
        "DependencyGroups": [
        ]
    },
    {
        "Id": "Id5",
        "PortalId": "PortalId",
        "Name": "ace bootstrap",
        "Url": "~/scripts/ace-20.12.14/ace.videre.js",
        "Text": null,
        "Sequence": 3,
        "Type": 0,
        "LoadType": 0,
        "Group": "ace",
        "DependencyGroups": ['videre']
    }
   ]
}