{
    "Portal": {
        "Id": "PortalId"
    },
    "Custom": {
        "Portal Attribute Definition": [
            {
                "GroupName": "Core",
                "Name": "TextEditor",
                "Values": [ "summernote" ],
                "DefaultValue": "summernote",
                "LabelKey": "TextEditor.Text",
                "LabelText": "Text Editor"
            }
        ]
    },
    "WebReferences": [
        {
            "Id": "Id1",
            "PortalId": "PortalId",
            "Name": "summernote",
            "Url": "~/scripts/summernote-0.6.9/summernote.min.js",
            "Text": null,
            "Sequence": null,
            "Type": 0,
            "LoadType": 0,
            "Group": "summernote",
            "DependencyGroups": [ 'bootstrap', 'font-awesome' ]
        },
        {
            "Id": "Id2",
            "PortalId": "PortalId",
            "Name": "summernote videre js",
            "Url": "~/scripts/summernote-0.6.9/summernote.videre.js",
            "Text": null,
            "Sequence": null,
            "Type": 0,
            "LoadType": 0,
            "Group": "summernote",
            "DependencyGroups": [ 'bootstrap', 'font-awesome' ]
        },
        {
            "Id": "Id3",
            "PortalId": "PortalId",
            "Name": "summernote css",
            "Url": "~/scripts/summernote-0.6.9/summernote.css",
            "Text": null,
            "Sequence": null,
            "Type": 2,
            "LoadType": 0,
            "Group": "summernote",
            "DependencyGroups": [ 'bootstrap', 'font-awesome' ]
        }
    ]
}