{
  "Portal": {
    "Id": "PortalId"
  },
   "WebReferences": [
      {
         "Id": "Id1",
         "PortalId": "PortalId",
         "Name": "bootstrap-tagsinput startup",
         "Url": null,
         "Text": 
		 "videre.UI.registerControlType('bootstrap-tagsinput',
			{
				get: function (ctl) { return ctl.val(); },
				set: function (ctl, val)
				{
					ctl.tagsinput('removeAll');
					val = val != null ? val : [];
					$.each(val, function (idx, text) { ctl.tagsinput('add', text); });
					ctl.tagsinput('refresh');
				},
				init: function (ctr) { ctr.find('[data-controltype=\"bootstrap-tagsinput\"]').tagsinput({ confirmKeys: [13], tagClass: function (item) { return 'btn btn-default'; } }); }
			});
		 ",
         "Sequence": null,
         "Type": 1,
         "LoadType": 1,
         "Group": "bootstrap-tagsinput",
         "DependencyGroups": []
      },
      {
         "Id": "Id2",
         "PortalId": "PortalId",
         "Name": "bootstrap-tagsinput css",
         "Url": "~/scripts/bootstrap-tagsinput-0.3.9/bootstrap-tagsinput.css",
         "Text": null,
         "Sequence": null,
         "Type": 2,
         "LoadType": 0,
         "Group": "bootstrap-tagsinput",
         "DependencyGroups": []
      },
      {
         "Id": "Id3",
         "PortalId": "PortalId",
         "Name": "bootstrap-tagsinput js",
         "Url": "~/scripts/bootstrap-tagsinput-0.3.9/bootstrap-tagsinput.min.js",
         "Text": null,
         "Sequence": null,
         "Type": 0,
         "LoadType": 0,
         "Group": "bootstrap-tagsinput",
         "DependencyGroups": ['jQuery']
      }
   ]
}