{
  "Portal": {
    "Id": "PortalId"
  },
   "WebReferences": [
      {
         "Id": "Id1",
         "PortalId": "PortalId",
         "Name": "datatables bootstrap",
         "Url": "~/scripts/DataTables-1.10.1-BS3/media/js/jquery.dataTables.videre.js",
         "Text": null,
         "Sequence": 1,
         "Type": 0,
         "LoadType": 0,
         "Group": "datatables",
         "DependencyGroups": ['videre']
      },
      {
         "Id": "Id2",
         "PortalId": "PortalId",
         "Name": "datatables css",
         "Url": "~/scripts/DataTables-1.10.1-BS3/media/css/jquery.dataTables.bootstrap.css",
         "Text": null,
         "Sequence": null,
         "Type": 2,
         "LoadType": 0,
		 "ExcludeFromBundle": true,
         "Group": "datatables",
         "DependencyGroups": []
      },
      {
         "Id": "Id3",
         "PortalId": "PortalId",
         "Name": "datatables",
         "Url": "~/scripts/DataTables-1.10.1-BS3/media/js/jquery.dataTables.js",
         "Text": null,
         "Sequence": 0,
         "Type": 0,
         "LoadType": 0,
		 "ExcludeFromBundle": true,
         "Group": "datatables",
         "DependencyGroups": [
            "jQuery"
         ]
      },
      {
         "Id": "Id4",
         "PortalId": "PortalId",
         "Name": "datatables tabletools",
         "Url": "~/scripts/DataTables-1.10.1-BS3/media/js/tableTools.min.js",
         "Text": null,
         "Sequence": 1,
         "Type": 0,
         "LoadType": 0,
         "Group": "datatables tabletools",
         "DependencyGroups": []
      },
      {
         "Id": "Id5",
         "PortalId": "PortalId",
         "Name": "datatables zeroclipboard",
         "Url": "~/scripts/DataTables-1.10.1-BS3/media/js/ZeroClipboard.js",
         "Text": null,
         "Sequence": 0,
         "Type": 0,
         "LoadType": 0,
         "Group": "datatables tabletools",
         "DependencyGroups": [
            "datatables"
         ]
      },
      {
         "Id": "Id6",
         "PortalId": "PortalId",
         "Name": "datatables reloadajax",
         "Url": "~/scripts/DataTables-1.10.1-BS3/media/js/jquery.datatables.extensions.reloadajax.js",
         "Text": null,
         "Sequence": 0,
         "Type": 0,
         "LoadType": 0,
         "Group": "datatables reloadajax",
         "DependencyGroups": [
            "datatables"
         ]
      },
      {
         "Id": "Id7",
         "PortalId": "PortalId",
         "Name": "datatables responsive",
         "Url": "~/scripts/DataTables-1.10.1-BS3/media/js/dataTables.responsive.js",
         "Text": null,
         "Sequence": 2,
         "Type": 0,
         "LoadType": 0,
         "Group": "datatables responsive",
         "DependencyGroups": [
            "datatables"
         ]
      },
      {
         "Id": "Id8",
         "PortalId": "PortalId",
         "Name": "datatables responsive css",
         "Url": "~/scripts/DataTables-1.10.1-BS3/media/css/dataTables.responsive.css",
         "Text": null,
         "Sequence": null,
         "Type": 2,
         "LoadType": 0,
         "Group": "datatables responsive",
         "DependencyGroups": [
            "datatables"
         ]
      },
      {
         "Id": "Id9",
         "PortalId": "PortalId",
         "Name": "datatables colreorder",
         "Url": "~/scripts/DataTables-1.10.1-BS3/media/js/dataTables.colReorder.js",
         "Text": null,
         "Sequence": 2,
         "Type": 0,
         "LoadType": 0,
         "Group": "datatables colreorder",
         "DependencyGroups": [
            "datatables"
         ]
      },
      {
         "Id": "Id10",
         "PortalId": "PortalId",
         "Name": "datatables colreorder css",
         "Url": "~/scripts/DataTables-1.10.1-BS3/media/css/dataTables.colReorder.css",
         "Text": null,
         "Sequence": null,
         "Type": 2,
         "LoadType": 0,
         "Group": "datatables colreorder",
         "DependencyGroups": [
            "datatables"
         ]
      }
   ]
}