{
  "Portal": {
    "Id": "PortalId"
  },
   "WebReferences": [
      {
         "Id": "Id1",
         "PortalId": "PortalId",
         "Name": "bootstrap-datetimepicker",
         "Url": "~/scripts/bootstrap-datetimepicker-2.1.11/bootstrap-datetimepicker.min.js",
         "Text": null,
         "Sequence": null,
         "Type": 0,
         "LoadType": 0,
         "Group": "bootstrap-datetimepicker",
         "DependencyGroups": ['moment']
      },
      {
         "Id": "Id2",
         "PortalId": "PortalId",
         "Name": "bootstrap-datetimepicker css",
         "Url": "~/scripts/bootstrap-datetimepicker-2.1.11/bootstrap-datetimepicker.min.css",
         "Text": null,
         "Sequence": null,
         "Type": 2,
         "LoadType": 0,
         "Group": "bootstrap-datetimepicker",
         "DependencyGroups": ['moment']
      },
	  {
		"Id": "Id3",
		"PortalId": "PortalId",
		"Name": "bootstrap-datetimepicker startup",
		"Url": null,
		"Text": "videre.UI.registerControlType('bootstrap-datetimepicker', { 
			get: function (ctl) 
			{ 
				var d = ctl.data(\"DateTimePicker\").getDate();
				if (ctl.data('timezone') != null)
					d = d.zone(ctl.data('timezone'));
				if (ctl.data('datatype') == 'date')
					return moment.utc(d.local().format('YYYY-MM-DD')).toISOString();
				else if (ctl.data('datatype') == 'time')
					return moment.utc(d).format(videre.localization.dateFormats.time);
				else 
					return d; //.utc().toISOString();
			}, 
			set: function (ctl, val) 
			{ 
				if (String.isNullOrEmpty(val))
					ctl.val('');
				else 
				{
					var d = videre.parseDate(val, null, ctl.data('timezone'));
					ctl.data(\"DateTimePicker\").setDate(d); 
				}
			}, 
			init: function (ctr) 
			{
				$.each(ctr.find('[data-controltype=\"bootstrap-datetimepicker\"]'), function()
				{
					var ctl = $(this);
					var dataType = ctl.data('datatype') != null ? ctl.data('datatype') : '';
					ctl.datetimepicker({pickDate: dataType.indexOf('date') > -1, pickTime: dataType.indexOf('time') > -1 } ); 
				});
			} });",
		"Sequence": null,
		"Type": 1,
		"LoadType": 1,
		"Group": "bootstrap-datetimepicker",
		"DependencyGroups": ['moment']
	  }

   ]
}