{
  "Portal": {
    "Id": "PortalId"
  },
   "WebReferences": [
      {
         "Id": "Id1",
         "PortalId": "PortalId",
         "Name": "bootstrap-datetimepicker",
         "Url": "~/scripts/bootstrap-datetimepicker-2.1.11/bootstrap-datetimepicker.min.js",
         "Text": null,
         "Sequence": null,
         "Type": 0,
         "LoadType": 0,
         "Group": "bootstrap-datetimepicker",
         "DependencyGroups": ['moment']
      },
      {
         "Id": "Id2",
         "PortalId": "PortalId",
         "Name": "bootstrap-datetimepicker css",
         "Url": "~/scripts/bootstrap-datetimepicker-2.1.11/bootstrap-datetimepicker.min.css",
         "Text": null,
         "Sequence": null,
         "Type": 2,
         "LoadType": 0,
         "Group": "bootstrap-datetimepicker",
         "DependencyGroups": ['moment']
      },
      {
         "Id": "Id2",
         "PortalId": "PortalId",
         "Name": "bootstrap-datetimepicker startup",
         "Url": "~/scripts/bootstrap-datetimepicker-2.1.11/bootstrap-datetimepicker.videre.js",
         "Text": null,
         "Sequence": null,
         "Type": 0,
         "LoadType": 0,
         "Group": "bootstrap-datetimepicker",
         "DependencyGroups": ['moment']
      }
   ]
}