{
  "Portal": {
    "Id": "15c82be9-14b1-4e6f-8851-e44633724e93"
  },
   "WebReferences": [
      {
         "Id": "fbc05d63-035e-4635-9ec3-0611a1ae955e",
         "PortalId": "15c82be9-14b1-4e6f-8851-e44633724e93",
         "Name": "datatables bootstrap",
         "Url": "~/scripts/DataTables-1.10.0-BS3/media/js/jquery.dataTables.videre.js",
         "Text": null,
         "Sequence": 1,
         "Type": 0,
         "LoadType": 0,
         "Group": "datatables",
         "DependencyGroups": ['videre']
      },
      {
         "Id": "924726bb-b3d8-4622-bf6b-1f429f095673",
         "PortalId": "15c82be9-14b1-4e6f-8851-e44633724e93",
         "Name": "datatables css",
         "Url": "~/scripts/DataTables-1.10.0-BS3/media/css/jquery.dataTables.bootstrap.css",
         "Text": null,
         "Sequence": null,
         "Type": 2,
         "LoadType": 0,
		 "ExcludeFromBundle": true,
         "Group": "datatables",
         "DependencyGroups": []
      },
      {
         "Id": "d0fba9a4-1e7c-4661-8a39-51d541eabea5",
         "PortalId": "15c82be9-14b1-4e6f-8851-e44633724e93",
         "Name": "datatables",
         "Url": "~/scripts/DataTables-1.10.0-BS3/media/js/jquery.dataTables.js",
         "Text": null,
         "Sequence": 0,
         "Type": 0,
         "LoadType": 0,
		 "ExcludeFromBundle": true,
         "Group": "datatables",
         "DependencyGroups": [
            "jQuery"
         ]
      },
      {
         "Id": "d941e893-249f-4881-8018-4f5ab791966b",
         "PortalId": "15c82be9-14b1-4e6f-8851-e44633724e93",
         "Name": "datatables tabletools",
         "Url": "~/scripts/DataTables-1.10.0-BS3/media/js/tableTools.min.js",
         "Text": null,
         "Sequence": 1,
         "Type": 0,
         "LoadType": 0,
         "Group": "datatables tabletools",
         "DependencyGroups": []
      },
      {
         "Id": "531fe195-c6a4-4b61-9e43-9f1c03ecf698",
         "PortalId": "15c82be9-14b1-4e6f-8851-e44633724e93",
         "Name": "datatables zeroclipboard",
         "Url": "~/scripts/DataTables-1.10.0-BS3/media/js/ZeroClipboard.js",
         "Text": null,
         "Sequence": 0,
         "Type": 0,
         "LoadType": 0,
         "Group": "datatables tabletools",
         "DependencyGroups": [
            "datatables"
         ]
      },
      {
         "Id": "531fe195-c6a4-4b61-9e43-9f1c03ecf699",
         "PortalId": "15c82be9-14b1-4e6f-8851-e44633724e93",
         "Name": "datatables reloadajax",
         "Url": "~/scripts/DataTables-1.10.0-BS3/media/js/jquery.datatables.extensions.reloadajax.js",
         "Text": null,
         "Sequence": 0,
         "Type": 0,
         "LoadType": 0,
         "Group": "datatables reloadajax",
         "DependencyGroups": [
            "datatables"
         ]
      }
   ]
}