{
  "Portal": {
    "Id": "15c82be9-14b1-4e6f-8851-e44633724e93"
  },
  "WebReferences": [
    {
      "Id": "2b6144ed-af50-4dff-895c-67be309a8ac1",
      "PortalId": "15c82be9-14b1-4e6f-8851-e44633724e93",
      "Name": "bootstrap",
      "Url": "~/scripts/bootstrap-2.3.2/js/bootstrap.js",
      "Text": null,
      "Sequence": null,
      "Type": 0,
      "LoadType": 0,
      "Group": "bootstrap",
      "DependencyGroups": []
    },
    {
      "Id": "6369a4ae-873c-4fb7-a950-b4b5d406937a",
      "PortalId": "15c82be9-14b1-4e6f-8851-e44633724e93",
      "Name": "bootstrap css",
      "Url": "~/scripts/bootstrap-2.3.2/css/bootstrap.min.css",
      "Text": null,
      "Sequence": null,
      "Type": 2,
      "LoadType": 0,
      "Group": "bootstrap css",
      "DependencyGroups": []
    }
  ]
}