{
  "Portal": {
    "Id": "15c82be9-14b1-4e6f-8851-e44633724e93"
  },
  "WebReferences": [
    {
      "Id": "2b6144ed-af50-4dff-895c-67be309a8ac1",
      "PortalId": "15c82be9-14b1-4e6f-8851-e44633724e93",
      "Name": "jQuery UI",
      "Url": "~/scripts/jquery-ui-1.8.18/js/jquery-ui-1.8.18.custom.min.js",
      "Text": null,
      "Sequence": null,
      "Type": 0,
      "LoadType": 0,
      "Group": "jQuery UI",
      "DependencyGroups": ["jQuery"]
    },
    {
      "Id": "6369a4ae-873c-4fb7-a950-b4b5d406937a",
      "PortalId": "15c82be9-14b1-4e6f-8851-e44633724e93",
      "Name": "jQuery UI css",
      "Url": "~/scripts/jquery-ui-1.8.18/css/smoothness/jquery-ui-1.8.18.custom.css",
      "Text": null,
      "Sequence": null,
      "Type": 2,
      "LoadType": 0,
      "Group": "jQuery UI",
      "DependencyGroups": []
    }
  ]
}