{
  "Portal": {
    "Id": "PortalId"
  },
  "WebReferences": [
    {
      "Id": "id1",
      "PortalId": "PortalId",
      "Name": "bootstrap",
      "Url": "~/scripts/bootstrap-3.3.1/js/bootstrap.min.js",
      "Text": null,
      "Sequence": null,
      "Type": 0,
      "LoadType": 0,
      "Group": "bootstrap",
      "DependencyGroups": ['jQuery']
    },
    {
      "Id": "id2",
      "PortalId": "PortalId",
      "Name": "bootstrap css",
      "Url": "~/scripts/bootstrap-3.3.1/css/bootstrap.min.css",
      "Text": null,
      "Sequence": null,
      "Type": 2,
      "LoadType": 0,
	  "ExcludeFromBundle": true,
      "Group": "bootstrap css",
      "DependencyGroups": []
    }
  ]
}