{
  "Portal": {
    "Id": "15c82be9-14b1-4e6f-8851-e44633724e93"
  },
"WebReferences": [
      {
         "Id": "eb0b24ce-b402-4750-85ed-2c545d318266",
         "PortalId": "15c82be9-14b1-4e6f-8851-e44633724e93",
         "Name": "videre-sidenav css",
         "Url": "~/scripts/videre-sidenav-0.1/css/videre-sidenav.css",
         "Text": null,
         "Sequence": null,
         "Type": 2,
         "LoadType": 0,
         "Group": "videre-sidenav",
         "DependencyGroups": []
      }
   ]
}