{
  "Portal": {
    "Id": "PortalId"
  },
 "WebReferences": [
    {
        "Id": "Id1",
        "PortalId": "PortalId",
        "Name": "wysihtml5texteditor",
        "Url": "~/scripts/wysihtml5-0.0.3/lib/js/wysihtml5-0.3.0.min.js",
        "Text": null,
        "Sequence": 0,
        "Type": 0,
        "LoadType": 0,
        "Group": "wysihtml5texteditor",
        "DependencyGroups": [
        "jQuery"
        ]
    },
    {
        "Id": "Id2",
        "PortalId": "PortalId",
        "Name": "wysihtml5texteditor bootstrap",
        "Url": "~/scripts/wysihtml5-0.0.3/dist/bootstrap-wysihtml5-0.0.3.min.js",
        "Text": null,
        "Sequence": 1,
        "Type": 0,
        "LoadType": 0,
        "Group": "wysihtml5texteditor",
        "DependencyGroups": [
        "jQuery"
        ]
    },
    {
        "Id": "Id3",
        "PortalId": "PortalId",
        "Name": "wysihtml5texteditor css",
        "Url": "~/scripts/wysihtml5-0.0.3/dist/bootstrap-wysihtml5-0.0.3.css",
        "Text": null,
        "Sequence": 0,
        "Type": 2,
        "LoadType": 0,
        "Group": "wysihtml5texteditor",
        "DependencyGroups": [
        "jQuery"
        ]
    },
    {
        "Id": "Id4",
        "PortalId": "PortalId",
        "Name": "wysihtml5texteditor startup",
        "Url": null,
        "Text": "videre.UI.registerControlType('wysihtml5texteditor', { 
			get: function (ctl) 
			{ 
				return ctl.val(); 
			}, 
			set: function (ctl, val) 
			{ 
				ctl.data(\"wysihtml5\").editor.setValue(val);
			}, 
			init: function (ctr) 
			{ 
				ctr.find('[data-controltype=\"wysihtml5texteditor\"]').wysihtml5();
			} 
			});",
        "Sequence": null,
        "Type": 1,
        "LoadType": 1,
        "Group": "wysihtml5texteditor",
        "DependencyGroups": ['jQuery']
    }
   ]
}